report_month,susp_race,total_complaints,avg_report_delay_days
2006-01-01,ASIAN / PACIFIC ISLANDER,17,54.64705882352941
2006-02-01,ASIAN / PACIFIC ISLANDER,18,27.611111111111114
2006-03-01,ASIAN / PACIFIC ISLANDER,13,0.46153846153846145
2006-04-01,ASIAN / PACIFIC ISLANDER,19,19.57894736842106
2006-05-01,ASIAN / PACIFIC ISLANDER,14,71.35714285714285
2006-06-01,ASIAN / PACIFIC ISLANDER,20,7.050000000000001
2006-07-01,ASIAN / PACIFIC ISLANDER,28,2.428571428571429
2006-08-01,ASIAN / PACIFIC ISLANDER,28,44.67857142857142
2006-09-01,ASIAN / PACIFIC ISLANDER,23,78.56521739130433
2006-10-01,ASIAN / PACIFIC ISLANDER,14,4.571428571428572
2006-11-01,ASIAN / PACIFIC ISLANDER,26,179.23076923076923
2006-12-01,ASIAN / PACIFIC ISLANDER,17,43
2007-01-01,ASIAN / PACIFIC ISLANDER,21,12.857142857142856
2007-02-01,ASIAN / PACIFIC ISLANDER,18,0.3888888888888889
2007-03-01,ASIAN / PACIFIC ISLANDER,27,16.444444444444443
2007-04-01,ASIAN / PACIFIC ISLANDER,28,89.07142857142858
2007-05-01,ASIAN / PACIFIC ISLANDER,21,128.9047619047619
2007-06-01,ASIAN / PACIFIC ISLANDER,12,21.416666666666664
2007-07-01,ASIAN / PACIFIC ISLANDER,31,19.387096774193555
2007-08-01,ASIAN / PACIFIC ISLANDER,21,6.761904761904762
2007-09-01,ASIAN / PACIFIC ISLANDER,9,0
2007-10-01,ASIAN / PACIFIC ISLANDER,17,83.41176470588236
2007-11-01,ASIAN / PACIFIC ISLANDER,22,0.7727272727272729
2007-12-01,ASIAN / PACIFIC ISLANDER,33,0.48484848484848486
2008-01-01,ASIAN / PACIFIC ISLANDER,31,117.32258064516128
2008-02-01,ASIAN / PACIFIC ISLANDER,18,4.666666666666667
2008-03-01,ASIAN / PACIFIC ISLANDER,15,0.5333333333333333
2008-04-01,ASIAN / PACIFIC ISLANDER,26,54.615384615384606
2008-05-01,ASIAN / PACIFIC ISLANDER,27,56
2008-06-01,ASIAN / PACIFIC ISLANDER,22,0.7272727272727273
2008-07-01,ASIAN / PACIFIC ISLANDER,27,106.66666666666666
2008-08-01,ASIAN / PACIFIC ISLANDER,19,7.578947368421051
2008-09-01,ASIAN / PACIFIC ISLANDER,37,73.64864864864862
2008-10-01,ASIAN / PACIFIC ISLANDER,35,2.8857142857142857
2008-11-01,ASIAN / PACIFIC ISLANDER,31,28.61290322580644
2008-12-01,ASIAN / PACIFIC ISLANDER,30,180.73333333333332
2009-01-01,ASIAN / PACIFIC ISLANDER,17,11.647058823529411
2009-02-01,ASIAN / PACIFIC ISLANDER,17,5.529411764705881
2009-03-01,ASIAN / PACIFIC ISLANDER,22,11.40909090909091
2009-04-01,ASIAN / PACIFIC ISLANDER,33,2.3333333333333326
2009-05-01,ASIAN / PACIFIC ISLANDER,34,4.352941176470587
2009-06-01,ASIAN / PACIFIC ISLANDER,24,12.833333333333334
2009-07-01,ASIAN / PACIFIC ISLANDER,31,0.9677419354838708
2009-08-01,ASIAN / PACIFIC ISLANDER,41,4.878048780487806
2009-09-01,ASIAN / PACIFIC ISLANDER,32,7.90625
2009-10-01,ASIAN / PACIFIC ISLANDER,39,1.564102564102564
2009-11-01,ASIAN / PACIFIC ISLANDER,25,4.639999999999999
2009-12-01,ASIAN / PACIFIC ISLANDER,23,6.391304347826086
2010-01-01,ASIAN / PACIFIC ISLANDER,28,11
2010-02-01,ASIAN / PACIFIC ISLANDER,20,1.6
2010-03-01,ASIAN / PACIFIC ISLANDER,29,12.793103448275861
2010-04-01,ASIAN / PACIFIC ISLANDER,20,0.8
2010-05-01,ASIAN / PACIFIC ISLANDER,41,15
2010-06-01,ASIAN / PACIFIC ISLANDER,37,3.5405405405405403
2010-07-01,ASIAN / PACIFIC ISLANDER,26,0.6538461538461539
2010-08-01,ASIAN / PACIFIC ISLANDER,38,40.28947368421053
2010-09-01,ASIAN / PACIFIC ISLANDER,29,14.620689655172415
2010-10-01,ASIAN / PACIFIC ISLANDER,40,9.274999999999999
2010-11-01,ASIAN / PACIFIC ISLANDER,32,9.9375
2010-12-01,ASIAN / PACIFIC ISLANDER,13,1.6923076923076923
2011-01-01,ASIAN / PACIFIC ISLANDER,23,67.2608695652174
2011-02-01,ASIAN / PACIFIC ISLANDER,29,15.241379310344827
2011-03-01,ASIAN / PACIFIC ISLANDER,36,2.9444444444444455
2011-04-01,ASIAN / PACIFIC ISLANDER,30,10.733333333333334
2011-05-01,ASIAN / PACIFIC ISLANDER,36,0.4722222222222222
2011-06-01,ASIAN / PACIFIC ISLANDER,35,11.314285714285715
2011-07-01,ASIAN / PACIFIC ISLANDER,25,22.280000000000012
2011-08-01,ASIAN / PACIFIC ISLANDER,34,2.6176470588235294
2011-09-01,ASIAN / PACIFIC ISLANDER,31,16.677419354838708
2011-10-01,ASIAN / PACIFIC ISLANDER,37,11
2011-11-01,ASIAN / PACIFIC ISLANDER,26,0.4230769230769231
2011-12-01,ASIAN / PACIFIC ISLANDER,26,1.9615384615384621
2012-01-01,ASIAN / PACIFIC ISLANDER,27,11.111111111111109
2012-02-01,ASIAN / PACIFIC ISLANDER,27,124.48148148148148
2012-03-01,ASIAN / PACIFIC ISLANDER,29,9.827586206896552
2012-04-01,ASIAN / PACIFIC ISLANDER,33,42.090909090909086
2012-05-01,ASIAN / PACIFIC ISLANDER,26,1.2307692307692308
2012-06-01,ASIAN / PACIFIC ISLANDER,25,102.95999999999998
2012-07-01,ASIAN / PACIFIC ISLANDER,37,97.6216216216216
2012-08-01,ASIAN / PACIFIC ISLANDER,26,3.961538461538462
2012-09-01,ASIAN / PACIFIC ISLANDER,46,12.913043478260866
2012-10-01,ASIAN / PACIFIC ISLANDER,29,4
2012-11-01,ASIAN / PACIFIC ISLANDER,27,3.6666666666666665
2012-12-01,ASIAN / PACIFIC ISLANDER,31,13.54838709677419
2013-01-01,ASIAN / PACIFIC ISLANDER,23,17.608695652173918
2013-02-01,ASIAN / PACIFIC ISLANDER,30,2.733333333333333
2013-03-01,ASIAN / PACIFIC ISLANDER,28,3.7142857142857135
2013-04-01,ASIAN / PACIFIC ISLANDER,33,231.6363636363637
2013-05-01,ASIAN / PACIFIC ISLANDER,33,77.84848484848484
2013-06-01,ASIAN / PACIFIC ISLANDER,28,1.4642857142857144
2013-07-01,ASIAN / PACIFIC ISLANDER,31,118.19354838709675
2013-08-01,ASIAN / PACIFIC ISLANDER,36,7.86111111111111
2013-09-01,ASIAN / PACIFIC ISLANDER,37,210.59459459459458
2013-10-01,ASIAN / PACIFIC ISLANDER,26,0.423076923076923
2013-11-01,ASIAN / PACIFIC ISLANDER,28,2.464285714285714
2013-12-01,ASIAN / PACIFIC ISLANDER,31,122.38709677419351
2014-01-01,ASIAN / PACIFIC ISLANDER,23,4.91304347826087
2014-02-01,ASIAN / PACIFIC ISLANDER,32,2.09375
2014-03-01,ASIAN / PACIFIC ISLANDER,29,156.93103448275863
2014-04-01,ASIAN / PACIFIC ISLANDER,36,25.222222222222218
2014-05-01,ASIAN / PACIFIC ISLANDER,37,10.675675675675675
2014-06-01,ASIAN / PACIFIC ISLANDER,34,9.088235294117645
2014-07-01,ASIAN / PACIFIC ISLANDER,38,3.0526315789473677
2014-08-01,ASIAN / PACIFIC ISLANDER,30,5.699999999999998
2014-09-01,ASIAN / PACIFIC ISLANDER,62,3.6935483870967736
2014-10-01,ASIAN / PACIFIC ISLANDER,104,7.2307692307692335
2014-11-01,ASIAN / PACIFIC ISLANDER,92,1.3260869565217392
2014-12-01,ASIAN / PACIFIC ISLANDER,92,40.93478260869566
2015-01-01,ASIAN / PACIFIC ISLANDER,64,21.484375
2015-02-01,ASIAN / PACIFIC ISLANDER,77,3.818181818181819
2015-03-01,ASIAN / PACIFIC ISLANDER,84,59.642857142857075
2015-04-01,ASIAN / PACIFIC ISLANDER,83,21.45783132530121
2015-05-01,ASIAN / PACIFIC ISLANDER,97,50.96907216494842
2015-06-01,ASIAN / PACIFIC ISLANDER,101,28.049504950495063
2015-07-01,ASIAN / PACIFIC ISLANDER,97,8.329896907216495
2015-08-01,ASIAN / PACIFIC ISLANDER,108,2.444444444444445
2015-09-01,ASIAN / PACIFIC ISLANDER,111,42.045045045045036
2015-10-01,ASIAN / PACIFIC ISLANDER,93,29.849462365591414
2015-11-01,ASIAN / PACIFIC ISLANDER,93,55.05376344086025
2015-12-01,ASIAN / PACIFIC ISLANDER,114,35.36842105263155
2016-01-01,ASIAN / PACIFIC ISLANDER,104,14.75
2016-02-01,ASIAN / PACIFIC ISLANDER,114,9.385964912280697
2016-03-01,ASIAN / PACIFIC ISLANDER,114,39.973684210526315
2016-04-01,ASIAN / PACIFIC ISLANDER,110,4.345454545454545
2016-05-01,ASIAN / PACIFIC ISLANDER,121,33.70247933884299
2016-06-01,ASIAN / PACIFIC ISLANDER,129,76.12403100775197
2016-07-01,ASIAN / PACIFIC ISLANDER,118,2.491525423728817
2016-08-01,ASIAN / PACIFIC ISLANDER,127,48.078740157480325
2016-09-01,ASIAN / PACIFIC ISLANDER,112,5.089285714285715
2016-10-01,ASIAN / PACIFIC ISLANDER,116,16.79310344827586
2016-11-01,ASIAN / PACIFIC ISLANDER,90,28.088888888888874
2016-12-01,ASIAN / PACIFIC ISLANDER,113,13.300884955752212
2017-01-01,ASIAN / PACIFIC ISLANDER,112,39.45535714285715
2017-02-01,ASIAN / PACIFIC ISLANDER,93,13.021505376344095
2017-03-01,ASIAN / PACIFIC ISLANDER,95,40.336842105263095
2017-04-01,ASIAN / PACIFIC ISLANDER,97,1.6597938144329913
2017-05-01,ASIAN / PACIFIC ISLANDER,113,51.176991150442454
2017-06-01,ASIAN / PACIFIC ISLANDER,124,46.112903225806484
2017-07-01,ASIAN / PACIFIC ISLANDER,126,1.96825396825397
2017-08-01,ASIAN / PACIFIC ISLANDER,147,39.18367346938778
2017-09-01,ASIAN / PACIFIC ISLANDER,116,4.387931034482757
2017-10-01,ASIAN / PACIFIC ISLANDER,131,39.03816793893131
2017-11-01,ASIAN / PACIFIC ISLANDER,91,37.824175824175796
2017-12-01,ASIAN / PACIFIC ISLANDER,109,15.15596330275229
2018-01-01,ASIAN / PACIFIC ISLANDER,122,52.55737704918034
2018-02-01,ASIAN / PACIFIC ISLANDER,103,23.359223300970903
2018-03-01,ASIAN / PACIFIC ISLANDER,128,19.6328125
2018-04-01,ASIAN / PACIFIC ISLANDER,113,8.69026548672567
2018-05-01,ASIAN / PACIFIC ISLANDER,146,48.26027397260279
2018-06-01,ASIAN / PACIFIC ISLANDER,128,54.7109375
2018-07-01,ASIAN / PACIFIC ISLANDER,135,8.29629629629629
2018-08-01,ASIAN / PACIFIC ISLANDER,136,3.558823529411762
2018-09-01,ASIAN / PACIFIC ISLANDER,134,5.820895522388056
2018-10-01,ASIAN / PACIFIC ISLANDER,112,1.241071428571429
2018-11-01,ASIAN / PACIFIC ISLANDER,123,86.8699186991869
2018-12-01,ASIAN / PACIFIC ISLANDER,111,33.23423423423423
2019-01-01,ASIAN / PACIFIC ISLANDER,114,58.70175438596501
2019-02-01,ASIAN / PACIFIC ISLANDER,97,30.247422680412367
2019-03-01,ASIAN / PACIFIC ISLANDER,106,40.33018867924526
2019-04-01,ASIAN / PACIFIC ISLANDER,120,18.68333333333334
2019-05-01,ASIAN / PACIFIC ISLANDER,153,73.27450980392153
2019-06-01,ASIAN / PACIFIC ISLANDER,166,3.8975903614457836
2019-07-01,ASIAN / PACIFIC ISLANDER,137,10.781021897810225
2019-08-01,ASIAN / PACIFIC ISLANDER,132,68.4242424242424
2019-09-01,ASIAN / PACIFIC ISLANDER,141,17.52482269503545
2019-10-01,ASIAN / PACIFIC ISLANDER,147,85.38095238095244
2019-11-01,ASIAN / PACIFIC ISLANDER,125,39.584
2019-12-01,ASIAN / PACIFIC ISLANDER,118,40.09322033898308
