"susp_age_group","time_period","std_residual","precinct_crime","chi_statistic","p_value"
"<18","after Patternizr",-7.28435218538121,42,142.457229634244,8.40455875183772e-30
"18-24","after Patternizr",-6.81976739786606,42,142.457229634244,8.40455875183772e-30
"25-44","after Patternizr",6.36354751483171,42,142.457229634244,8.40455875183772e-30
"45-64","after Patternizr",6.42648176663447,42,142.457229634244,8.40455875183772e-30
"65+","after Patternizr",2.13830572031405,42,142.457229634244,8.40455875183772e-30
"<18","before Patternizr",7.2843521853812,42,142.457229634244,8.40455875183772e-30
"18-24","before Patternizr",6.81976739786605,42,142.457229634244,8.40455875183772e-30
"25-44","before Patternizr",-6.36354751483171,42,142.457229634244,8.40455875183772e-30
"45-64","before Patternizr",-6.42648176663447,42,142.457229634244,8.40455875183772e-30
"65+","before Patternizr",-2.13830572031405,42,142.457229634244,8.40455875183772e-30
"<18","after Patternizr",-7.33033226683908,52,142.22098688133,9.44286021317747e-30
"18-24","after Patternizr",-6.02844521442016,52,142.22098688133,9.44286021317747e-30
"25-44","after Patternizr",5.12310527481077,52,142.22098688133,9.44286021317747e-30
"45-64","after Patternizr",7.31374744407982,52,142.22098688133,9.44286021317747e-30
"65+","after Patternizr",2.71086500419721,52,142.22098688133,9.44286021317747e-30
"<18","before Patternizr",7.33033226683908,52,142.22098688133,9.44286021317747e-30
"18-24","before Patternizr",6.02844521442016,52,142.22098688133,9.44286021317747e-30
"25-44","before Patternizr",-5.12310527481078,52,142.22098688133,9.44286021317747e-30
"45-64","before Patternizr",-7.31374744407982,52,142.22098688133,9.44286021317747e-30
"65+","before Patternizr",-2.71086500419721,52,142.22098688133,9.44286021317747e-30
"<18","after Patternizr",-8.41962395587686,83,175.25296423279,7.79589281282497e-37
"18-24","after Patternizr",-5.20922134762359,83,175.25296423279,7.79589281282497e-37
"25-44","after Patternizr",4.25141053974888,83,175.25296423279,7.79589281282497e-37
"45-64","after Patternizr",9.46524593684813,83,175.25296423279,7.79589281282497e-37
"65+","after Patternizr",1.87685721889524,83,175.25296423279,7.79589281282497e-37
"<18","before Patternizr",8.41962395587686,83,175.25296423279,7.79589281282497e-37
"18-24","before Patternizr",5.20922134762359,83,175.25296423279,7.79589281282497e-37
"25-44","before Patternizr",-4.25141053974888,83,175.25296423279,7.79589281282497e-37
"45-64","before Patternizr",-9.46524593684813,83,175.25296423279,7.79589281282497e-37
"65+","before Patternizr",-1.87685721889524,83,175.25296423279,7.79589281282497e-37
"<18","after Patternizr",-7.96193071877706,103,157.663805868703,4.63357331698128e-33
"18-24","after Patternizr",-6.9831209200242,103,157.663805868703,4.63357331698128e-33
"25-44","after Patternizr",7.00938670954896,103,157.663805868703,4.63357331698128e-33
"45-64","after Patternizr",6.34036134332284,103,157.663805868703,4.63357331698128e-33
"65+","after Patternizr",2.33469103765592,103,157.663805868703,4.63357331698128e-33
"<18","before Patternizr",7.96193071877707,103,157.663805868703,4.63357331698128e-33
"18-24","before Patternizr",6.9831209200242,103,157.663805868703,4.63357331698128e-33
"25-44","before Patternizr",-7.00938670954896,103,157.663805868703,4.63357331698128e-33
"45-64","before Patternizr",-6.34036134332283,103,157.663805868703,4.63357331698128e-33
"65+","before Patternizr",-2.33469103765592,103,157.663805868703,4.63357331698128e-33
"<18","after Patternizr",-5.15487973056058,44,102.906104814802,2.36588716716963e-21
"18-24","after Patternizr",-6.2344797105998,44,102.906104814802,2.36588716716963e-21
"25-44","after Patternizr",4.35846398181561,44,102.906104814802,2.36588716716963e-21
"45-64","after Patternizr",6.78037939808842,44,102.906104814802,2.36588716716963e-21
"65+","after Patternizr",1.02482926245531,44,102.906104814802,2.36588716716963e-21
"<18","before Patternizr",5.15487973056058,44,102.906104814802,2.36588716716963e-21
"18-24","before Patternizr",6.2344797105998,44,102.906104814802,2.36588716716963e-21
"25-44","before Patternizr",-4.35846398181561,44,102.906104814802,2.36588716716963e-21
"45-64","before Patternizr",-6.78037939808842,44,102.906104814802,2.36588716716963e-21
"65+","before Patternizr",-1.02482926245531,44,102.906104814802,2.36588716716963e-21
"<18","after Patternizr",-5.8425719622298,48,146.859309001649,9.58632713435065e-31
"18-24","after Patternizr",-8.08233277026134,48,146.859309001649,9.58632713435065e-31
"25-44","after Patternizr",7.34409702473877,48,146.859309001649,9.58632713435065e-31
"45-64","after Patternizr",6.82810448810115,48,146.859309001649,9.58632713435065e-31
"65+","after Patternizr",0.557813671841552,48,146.859309001649,9.58632713435065e-31
"<18","before Patternizr",5.8425719622298,48,146.859309001649,9.58632713435065e-31
"18-24","before Patternizr",8.08233277026135,48,146.859309001649,9.58632713435065e-31
"25-44","before Patternizr",-7.34409702473876,48,146.859309001649,9.58632713435065e-31
"45-64","before Patternizr",-6.82810448810115,48,146.859309001649,9.58632713435065e-31
"65+","before Patternizr",-0.557813671841552,48,146.859309001649,9.58632713435065e-31
"<18","after Patternizr",-8.59613380403971,114,130.097368216268,3.71175759905406e-27
"18-24","after Patternizr",-5.12460049369838,114,130.097368216268,3.71175759905406e-27
"25-44","after Patternizr",6.67988992602156,114,130.097368216268,3.71175759905406e-27
"45-64","after Patternizr",4.64514121488425,114,130.097368216268,3.71175759905406e-27
"65+","after Patternizr",1.97132588980117,114,130.097368216268,3.71175759905406e-27
"<18","before Patternizr",8.59613380403971,114,130.097368216268,3.71175759905406e-27
"18-24","before Patternizr",5.12460049369838,114,130.097368216268,3.71175759905406e-27
"25-44","before Patternizr",-6.67988992602156,114,130.097368216268,3.71175759905406e-27
"45-64","before Patternizr",-4.64514121488425,114,130.097368216268,3.71175759905406e-27
"65+","before Patternizr",-1.97132588980117,114,130.097368216268,3.71175759905406e-27
"<18","after Patternizr",-9.28009527881192,43,177.753063402953,2.26495207047955e-37
"18-24","after Patternizr",-4.51851255894738,43,177.753063402953,2.26495207047955e-37
"25-44","after Patternizr",4.3845351463423,43,177.753063402953,2.26495207047955e-37
"45-64","after Patternizr",9.29371869026009,43,177.753063402953,2.26495207047955e-37
"65+","after Patternizr",0.711991820093576,43,177.753063402953,2.26495207047955e-37
"<18","before Patternizr",9.28009527881192,43,177.753063402953,2.26495207047955e-37
"18-24","before Patternizr",4.51851255894738,43,177.753063402953,2.26495207047955e-37
"25-44","before Patternizr",-4.3845351463423,43,177.753063402953,2.26495207047955e-37
"45-64","before Patternizr",-9.29371869026009,43,177.753063402953,2.26495207047955e-37
"65+","before Patternizr",-0.711991820093576,43,177.753063402953,2.26495207047955e-37
"<18","after Patternizr",-8.7406483658901,47,217.496499236228,6.48086353221798e-46
"18-24","after Patternizr",-8.03831088107485,47,217.496499236228,6.48086353221798e-46
"25-44","after Patternizr",6.28981541702799,47,217.496499236228,6.48086353221798e-46
"45-64","after Patternizr",9.26662838217109,47,217.496499236228,6.48086353221798e-46
"65+","after Patternizr",2.73602500310528,47,217.496499236228,6.48086353221798e-46
"<18","before Patternizr",8.7406483658901,47,217.496499236228,6.48086353221798e-46
"18-24","before Patternizr",8.03831088107485,47,217.496499236228,6.48086353221798e-46
"25-44","before Patternizr",-6.28981541702799,47,217.496499236228,6.48086353221798e-46
"45-64","before Patternizr",-9.26662838217109,47,217.496499236228,6.48086353221798e-46
"65+","before Patternizr",-2.73602500310528,47,217.496499236228,6.48086353221798e-46
"<18","after Patternizr",-8.68992228097047,79,174.452468943161,1.15804499939724e-36
"18-24","after Patternizr",-6.23466887725846,79,174.452468943161,1.15804499939724e-36
"25-44","after Patternizr",5.54191617912109,79,174.452468943161,1.15804499939724e-36
"45-64","after Patternizr",8.29461657842518,79,174.452468943161,1.15804499939724e-36
"65+","after Patternizr",1.8929289709989,79,174.452468943161,1.15804499939724e-36
"<18","before Patternizr",8.68992228097047,79,174.452468943161,1.15804499939724e-36
"18-24","before Patternizr",6.23466887725846,79,174.452468943161,1.15804499939724e-36
"25-44","before Patternizr",-5.54191617912109,79,174.452468943161,1.15804499939724e-36
"45-64","before Patternizr",-8.29461657842518,79,174.452468943161,1.15804499939724e-36
"65+","before Patternizr",-1.8929289709989,79,174.452468943161,1.15804499939724e-36
"<18","after Patternizr",-11.2304477245404,75,442.475694526485,1.83840743175474e-94
"18-24","after Patternizr",-12.9894515678329,75,442.475694526485,1.83840743175474e-94
"25-44","after Patternizr",10.9976837619333,75,442.475694526485,1.83840743175474e-94
"45-64","after Patternizr",12.4414426243913,75,442.475694526485,1.83840743175474e-94
"65+","after Patternizr",3.3650710866501,75,442.475694526485,1.83840743175474e-94
"<18","before Patternizr",11.2304477245404,75,442.475694526485,1.83840743175474e-94
"18-24","before Patternizr",12.9894515678329,75,442.475694526485,1.83840743175474e-94
"25-44","before Patternizr",-10.9976837619333,75,442.475694526485,1.83840743175474e-94
"45-64","before Patternizr",-12.4414426243913,75,442.475694526485,1.83840743175474e-94
"65+","before Patternizr",-3.3650710866501,75,442.475694526485,1.83840743175474e-94
"<18","after Patternizr",-6.62971672153543,73,194.718094235401,5.13236324504716e-41
"18-24","after Patternizr",-8.94227397469248,73,194.718094235401,5.13236324504716e-41
"25-44","after Patternizr",7.18083976885658,73,194.718094235401,5.13236324504716e-41
"45-64","after Patternizr",8.53272995835233,73,194.718094235401,5.13236324504716e-41
"65+","after Patternizr",2.72588902876505,73,194.718094235401,5.13236324504716e-41
"<18","before Patternizr",6.62971672153543,73,194.718094235401,5.13236324504716e-41
"18-24","before Patternizr",8.94227397469248,73,194.718094235401,5.13236324504716e-41
"25-44","before Patternizr",-7.18083976885657,73,194.718094235401,5.13236324504716e-41
"45-64","before Patternizr",-8.53272995835233,73,194.718094235401,5.13236324504716e-41
"65+","before Patternizr",-2.72588902876505,73,194.718094235401,5.13236324504716e-41
"<18","after Patternizr",-6.42707512943564,67,150.133194935082,1.90627228980367e-31
"18-24","after Patternizr",-7.90427104721418,67,150.133194935082,1.90627228980367e-31
"25-44","after Patternizr",7.19420130665677,67,150.133194935082,1.90627228980367e-31
"45-64","after Patternizr",6.33587049350569,67,150.133194935082,1.90627228980367e-31
"65+","after Patternizr",2.60723304434253,67,150.133194935082,1.90627228980367e-31
"<18","before Patternizr",6.42707512943564,67,150.133194935082,1.90627228980367e-31
"18-24","before Patternizr",7.90427104721418,67,150.133194935082,1.90627228980367e-31
"25-44","before Patternizr",-7.19420130665677,67,150.133194935082,1.90627228980367e-31
"45-64","before Patternizr",-6.33587049350568,67,150.133194935082,1.90627228980367e-31
"65+","before Patternizr",-2.60723304434253,67,150.133194935082,1.90627228980367e-31
"<18","after Patternizr",-8.29616419723065,46,169.653847562513,1.24096242503347e-35
"18-24","after Patternizr",-6.00635264103022,46,169.653847562513,1.24096242503347e-35
"25-44","after Patternizr",4.75992034705043,46,169.653847562513,1.24096242503347e-35
"45-64","after Patternizr",8.37775213755571,46,169.653847562513,1.24096242503347e-35
"65+","after Patternizr",2.94121648269494,46,169.653847562513,1.24096242503347e-35
"<18","before Patternizr",8.29616419723065,46,169.653847562513,1.24096242503347e-35
"18-24","before Patternizr",6.00635264103022,46,169.653847562513,1.24096242503347e-35
"25-44","before Patternizr",-4.75992034705043,46,169.653847562513,1.24096242503347e-35
"45-64","before Patternizr",-8.37775213755571,46,169.653847562513,1.24096242503347e-35
"65+","before Patternizr",-2.94121648269494,46,169.653847562513,1.24096242503347e-35
"<18","after Patternizr",-6.92358233493402,81,155.113511591028,1.63197109927415e-32
"18-24","after Patternizr",-7.3153356775962,81,155.113511591028,1.63197109927415e-32
"25-44","after Patternizr",6.04022426696876,81,155.113511591028,1.63197109927415e-32
"45-64","after Patternizr",7.88283511056703,81,155.113511591028,1.63197109927415e-32
"65+","after Patternizr",0.983544037917541,81,155.113511591028,1.63197109927415e-32
"<18","before Patternizr",6.92358233493402,81,155.113511591028,1.63197109927415e-32
"18-24","before Patternizr",7.3153356775962,81,155.113511591028,1.63197109927415e-32
"25-44","before Patternizr",-6.04022426696875,81,155.113511591028,1.63197109927415e-32
"45-64","before Patternizr",-7.88283511056703,81,155.113511591028,1.63197109927415e-32
"65+","before Patternizr",-0.983544037917541,81,155.113511591028,1.63197109927415e-32
"<18","after Patternizr",-7.96557079802617,41,67.237189645064,8.68838815821976e-14
"18-24","after Patternizr",0.174525368064685,41,67.237189645064,8.68838815821976e-14
"25-44","after Patternizr",3.9068736211929,41,67.237189645064,8.68838815821976e-14
"45-64","after Patternizr",1.40503746563479,41,67.237189645064,8.68838815821976e-14
"65+","after Patternizr",0.429320754496358,41,67.237189645064,8.68838815821976e-14
"<18","before Patternizr",7.96557079802617,41,67.237189645064,8.68838815821976e-14
"18-24","before Patternizr",-0.174525368064678,41,67.237189645064,8.68838815821976e-14
"25-44","before Patternizr",-3.9068736211929,41,67.237189645064,8.68838815821976e-14
"45-64","before Patternizr",-1.40503746563479,41,67.237189645064,8.68838815821976e-14
"65+","before Patternizr",-0.429320754496358,41,67.237189645064,8.68838815821976e-14
"<18","after Patternizr",-7.93407469102301,105,169.695211584349,1.21585333220172e-35
"18-24","after Patternizr",-7.55291965835694,105,169.695211584349,1.21585333220172e-35
"25-44","after Patternizr",6.80955815781674,105,169.695211584349,1.21585333220172e-35
"45-64","after Patternizr",7.39534764531212,105,169.695211584349,1.21585333220172e-35
"65+","after Patternizr",0.791185365870036,105,169.695211584349,1.21585333220172e-35
"<18","before Patternizr",7.93407469102301,105,169.695211584349,1.21585333220172e-35
"18-24","before Patternizr",7.55291965835694,105,169.695211584349,1.21585333220172e-35
"25-44","before Patternizr",-6.80955815781674,105,169.695211584349,1.21585333220172e-35
"45-64","before Patternizr",-7.39534764531212,105,169.695211584349,1.21585333220172e-35
"65+","before Patternizr",-0.791185365870036,105,169.695211584349,1.21585333220172e-35
"<18","after Patternizr",-6.75643189430432,40,146.631129361178,1.07283912604349e-30
"18-24","after Patternizr",-7.07312176501707,40,146.631129361178,1.07283912604349e-30
"25-44","after Patternizr",5.91539762697581,40,146.631129361178,1.07283912604349e-30
"45-64","after Patternizr",7.44599009872116,40,146.631129361178,1.07283912604349e-30
"65+","after Patternizr",1.80201519257937,40,146.631129361178,1.07283912604349e-30
"<18","before Patternizr",6.75643189430432,40,146.631129361178,1.07283912604349e-30
"18-24","before Patternizr",7.07312176501707,40,146.631129361178,1.07283912604349e-30
"25-44","before Patternizr",-5.91539762697581,40,146.631129361178,1.07283912604349e-30
"45-64","before Patternizr",-7.44599009872117,40,146.631129361178,1.07283912604349e-30
"65+","before Patternizr",-1.80201519257937,40,146.631129361178,1.07283912604349e-30
"<18","after Patternizr",-8.65648530507567,113,212.315239584926,8.44023561749007e-45
"18-24","after Patternizr",-8.00646938583262,113,212.315239584926,8.44023561749007e-45
"25-44","after Patternizr",5.53365323803088,113,212.315239584926,8.44023561749007e-45
"45-64","after Patternizr",9.09931435699126,113,212.315239584926,8.44023561749007e-45
"65+","after Patternizr",3.42573702086318,113,212.315239584926,8.44023561749007e-45
"<18","before Patternizr",8.65648530507567,113,212.315239584926,8.44023561749007e-45
"18-24","before Patternizr",8.00646938583262,113,212.315239584926,8.44023561749007e-45
"25-44","before Patternizr",-5.53365323803088,113,212.315239584926,8.44023561749007e-45
"45-64","before Patternizr",-9.09931435699126,113,212.315239584926,8.44023561749007e-45
"65+","before Patternizr",-3.42573702086318,113,212.315239584926,8.44023561749007e-45
"<18","after Patternizr",-3.90615438959775,70,88.9345178206793,2.21724458287108e-18
"18-24","after Patternizr",-5.54901690625299,70,88.9345178206793,2.21724458287108e-18
"25-44","after Patternizr",3.74016889680889,70,88.9345178206793,2.21724458287108e-18
"45-64","after Patternizr",7.13032249799376,70,88.9345178206793,2.21724458287108e-18
"65+","after Patternizr",0.958948865906294,70,88.9345178206793,2.21724458287108e-18
"<18","before Patternizr",3.90615438959775,70,88.9345178206793,2.21724458287108e-18
"18-24","before Patternizr",5.54901690625299,70,88.9345178206793,2.21724458287108e-18
"25-44","before Patternizr",-3.74016889680889,70,88.9345178206793,2.21724458287108e-18
"45-64","before Patternizr",-7.13032249799376,70,88.9345178206793,2.21724458287108e-18
"65+","before Patternizr",-0.958948865906294,70,88.9345178206793,2.21724458287108e-18
