"precinct_crime","statistic","p_value","df"
75,24.490018119123,0.000174746666611314,5
43,35.1373198620015,1.41262496973882e-06,5
40,12.9678665501274,0.0236817613065547,5
67,20.8266964562696,0.000873454406811166,5
44,9.57536057965906,0.0882011289565285,5
73,39.7622759479513,1.66760949030018e-07,5
47,23.5553519793371,0.000264262302247567,5
52,17.4038408769312,0.00379428771264157,5
46,23.1511117358952,0.000315834092767724,5
79,32.8392832296926,1.28848529832444e-06,4
48,17.5425112392685,0.00357794800302941,5
103,82.6112219783966,1.0308835512615e-15,6
41,24.9169380829581,0.000144574364996834,5
113,47.8873884419684,3.74497635920319e-09,5
42,6.94853570835275,0.224495998171997,5
83,49.9850843226466,1.39557078707697e-09,5
105,38.2369719888792,3.3814252882214e-07,5
115,43.6993010157621,2.6656803507425e-08,5
114,30.7506280229155,1.0491314671425e-05,5
81,53.703936076915,2.41097999800931e-10,5
